,1/2021,2/2021,3/2021,4/2021,5/2021,6/2021,7/2021,8/2021,9/2021,10/2021,11/2021,12/2021,1TD,1Q21,2Q21,3Q21,4Q/21,1QTD,2016,2017,2018,2019,2020,2021,2022TD
bitcoin,0.18594783195442122,0.36415735244501946,0.2575389871819165,-0.08645036466475975,-0.33363902367808984,0.007118673192691327,0.1659003269813637,0.12371137919994757,-0.1174891030841988,0.4869133130449337,-0.06449968286363195,-0.18422007063728518,47191.86838983951,1.0344710383517777,-0.38691265353083704,0.15620882380581924,0.13475630675106398,47191.86838983951,1.2418963973875146,14.35285244260576,-0.7432726896765519,0.9005106080321221,2.9828149517720233,0.6364877142470755,47191.86838983951
ethereum,0.8229612995141946,0.0784758168670272,0.243333678869313,0.49839978060585355,-0.13114946339660105,-0.09451879501213567,0.1350603418530576,0.31283864768755043,-0.11665733979588189,0.5144250457727704,0.027729287998140784,-0.1641530389217174,3714.945456115339,1.4444184772496498,0.17883280912417554,0.31631402286050014,0.3009280695980261,3714.945456115339,7.553668301421803,95.70584760408359,-0.8223410891563732,-0.04482656909693339,4.726789120865742,3.934470588590207,3714.945456115339
binancecoin,0.16947778150383974,4.081663631188201,0.36468734718823925,0.9387751542614782,-0.457267090490584,-0.07571273967654668,0.07250946264869418,0.42860743789578803,-0.20140527266920216,0.4310908455052833,0.18384353907472883,-0.16903539410088375,518.3716411383205,7.110190486694043,-0.027430671786172645,0.22360284469169156,0.407809973965384,518.3716411383205,,,-0.3606391381422247,1.3529152114114242,1.7538709332337938,12.587393080457378,518.3716411383205
solana,1.752879547950006,2.144209248246874,0.44059845253879626,1.220613661915133,-0.3292394865383448,0.187682630966296,-0.049236334425917794,2.399614936132792,0.23377285681071158,0.4291768940243177,0.05696023478161805,-0.1558182674072095,172.50889438021562,11.469286224272475,0.7690532313955709,2.9878380829289464,0.27520669695347966,172.50889438021562,,,,,,111.1761670357731,172.50889438021562
wrapped-solana,,,,,,,,,,,,,174.19295148704788,,,,,174.19295148704788,,,,,,,174.19295148704788
binance-peg-cardano,,,,,,-0.12636527596586766,-0.036310012292975036,1.06689167657813,-0.24582694506535663,-0.05015177070633525,-0.18032463211014382,-0.15913294783589338,1.3508115034560553,,,0.5021941802806358,-0.34532849632704143,1.3508115034560553,,,,,,,1.3508115034560553
cardano,0.9538985373195223,2.7250503996780617,-0.09788238191565857,0.0856505624741426,0.19900798593373614,-0.13039447874516208,-0.047507846126094266,1.090084828290676,-0.2459164836483244,-0.052061682426705946,-0.17831156094429446,-0.15302250151543517,1.3580495736019418,5.565946283688522,0.1319687196358399,0.5012214709754623,-0.3402807935091642,1.3580495736019418,,,-0.9443245248869305,-0.21841177860044392,4.5231074898139125,6.36098014797495,1.3580495736019418
binance-peg-xrp,,,,,,-0.21521320760363372,0.07670635484585686,0.4560296372899013,-0.16254575522521875,0.16457655836513108,-0.08304252192807904,-0.1549272408889798,0.8379981741751299,,,0.3128907230601463,-0.09757453246976411,0.8379981741751299,,,,,,,0.8379981741751299
ripple,1.031659014672225,0.028409094616708597,0.2786675996224739,1.4671422828020568,-0.3522211937182692,-0.21989000132853653,0.06796957572359275,0.46636014148694516,-0.16093934868208237,0.15917450395224586,-0.07855755198916059,-0.15222533201013777,0.8404662013408024,1.671618171865548,0.24674253239684596,0.3139924889009478,-0.0944812014382479,0.8404662013408024,0.07347344034419967,350.47834129798065,-0.8402514037064456,-0.4696634876307595,0.09786184125446118,2.963159195555045,0.8404662013408024
terra-luna,1.137306341476651,3.171161097074153,2.119412553745553,-0.1257504347938624,-0.6182658536419559,-0.032564111993419464,0.806537564175986,2.072789198177325,0.024047771831316345,0.2645472549897372,0.19389386496781635,0.6419550341621738,84.69215311739912,26.80971596780264,-0.6771367392991747,4.684600918668962,1.4789173278091785,84.69215311739912,,,,,1.3224478120287486,125.52525053609442,84.69215311739912
wrapped-terra,,3.210818400737466,2.114055159119918,-0.1385141258072099,-0.612826553084925,-0.04403184854676456,0.8102424700906081,2.0846606913760817,0.021763635162028505,0.26329043565980537,0.19694642685354902,0.6387445025853209,84.71407539713633,,-0.6811421235630302,4.7055115752900925,1.477930769480265,84.71407539713633,,,,,,,84.71407539713633
binance-peg-avalanche,,,,,,,,,,-0.06008038064721777,0.7431591974159084,-0.06617981775675197,101.53845069406843,,,,0.5299985616496794,101.53845069406843,,,,,,,101.53845069406843
binance-peg-polkadot,,,,,,-0.19034747152298348,-0.05178325514947868,0.6787834514979587,0.03080793170562446,0.5791313391572286,-0.1276899673732278,-0.2655894848163002,27.476924137989275,,,0.6408922036329139,0.011644690153509663,27.476924137989275,,,,,,,27.476924137989275
polkadot,1.2581079838930473,1.0566121682035488,0.003578208757164969,0.05472652629433794,-0.42909002681657593,-0.2031063202125607,-0.029927430823404544,0.6468373850306453,0.05079574233928774,0.5638451326330534,-0.1298180774802291,-0.259487638326092,27.53836772217654,3.660669745603829,-0.5201473685343718,0.6787006013534516,0.0077112624037904975,27.53836772217654,,,,,,2.783254602772387,27.53836772217654
binance-peg-dogecoin,,,,,,-0.13408836590196616,-0.1988099737960649,0.2896070543551774,-0.2667605349261286,0.35003563671742066,-0.1983294338556585,-0.20163038832619296,0.17173225767630296,,,-0.24240209283293324,-0.1359374763654474,0.17173225767630296,,,,,,,0.17173225767630296
dogecoin,5.124297040414438,0.7837170118307228,0.07435967957617096,4.604037428151407,-0.015757167533768435,-0.1258880501596501,-0.21729235404031744,0.32093977095059256,-0.26730367602553473,0.3441857285208636,-0.1977552307947532,-0.20285271145052852,0.17157856616938652,10.736318909212095,3.8213687144216113,-0.24245819384021206,-0.1403834913122195,0.17157856616938652,0.4817629378177293,41.486708615249654,-0.7557703041061765,-0.1248081025404919,1.2749933775070201,35.847972791101526,0.17157856616938652
shiba-inu,64.37411834099447,0.617653129992549,5.972002201892049,23.64262434242485,4.594787823652605,0.1378536653468505,-0.2984670449743405,0.06848269511464955,0.04789123117196148,8.260057603663007,-0.31434405152137357,-0.2433277295660401,3.373784286043227e-05,736.3076888192693,155.87617455466574,-0.2145260685062953,3.804273854448142,3.373784286043227e-05,,,,,,436479.9407289436,3.373784286043227e-05
matic-network,1.1885026372821477,4.022430312273949,0.8549515356988366,1.386290653175859,1.0874419348531577,-0.36272631215358087,-0.10131645548506651,0.2523581084633397,-0.16749203366581555,0.6905018740207687,-0.02361321625920021,0.40509252075279867,2.5528488899193196,19.388888979969142,2.1744152102233145,-0.06303424219104947,1.3192227944398622,2.5528488899193196,,,,,0.27160285534244366,139.64473621088982,2.5528488899193196
crypto-com-chain,0.10280728959356389,1.319616450882997,0.460299766901592,-0.14808765290764714,-0.39806164752020745,0.02518179140945076,0.10150774742866275,0.1987202987234835,-0.019833118509903325,0.42269318572384473,2.3415232082743684,-0.22365395280504385,0.5540088725549203,2.735578130091221,-0.4742880950662832,0.29421205239183856,2.6907198388378895,0.5540088725549203,,,,,0.7552360250371455,8.380417219839783,0.5540088725549203
binance-peg-litecoin,,,,,,-0.14795314969487916,0.015310577140268622,0.1287723882235421,-0.13712329315242633,0.3193995468269437,0.131869428780093,-0.30572901407955044,149.7077983058587,,,-0.011096228388227658,0.03681596703626755,149.7077983058587,,,,,,,149.7077983058587
litecoin,0.02895019051429437,0.3030204561326273,0.1295577830477428,0.3068286853423621,-0.3319831513461413,-0.15680997544940467,0.012330531503722097,0.1515396278189134,-0.13648417832662407,0.3113855014142497,0.08661879399076255,-0.28370906004503826,148.03521639446834,0.5144468562892681,-0.26390895365236267,0.006633831660162182,0.020697493006332834,148.03521639446834,0.2550012957992642,53.480111083678324,-0.8681570766475981,0.3526480373286507,2.0505284659150362,0.14539199509119083,148.03521639446834
unicorn-token,3.526811968986772,-0.6088791269478077,7.248649360089857,-0.003124657628122751,-0.5152401080583928,0.2945817075052948,-0.3524125140493577,-0.08291253806443522,-0.5180703631041959,-0.4155360052508106,1.3690214593060626,-0.4713229221718924,0.0001540483511772783,13.604486508631785,-0.374399625527815,-0.7137847048648434,-0.26798962303736495,0.0001540483511772783,,,,,-0.9721252117946805,0.9142266928655256,0.0001540483511772783
uniswap,3.6738231446849845,0.21805891989826898,0.20860838411987204,0.44627410125804845,-0.37694628079314085,-0.27622751736264173,0.12801592230463976,0.28023176638638403,-0.14348105642933218,0.07997002711493728,-0.18377149343154864,-0.12369856012162772,17.788046793465686,5.880597827373876,-0.3478039419310114,0.23691769284782405,-0.22753824565041314,17.788046793465686,,,,,,3.287677688865487,17.788046793465686
universe-token,0.012691483140188087,-0.5485340789277875,0.6085869368418761,-0.06555498076311828,1.5999588400786569,,,,,,,,,-0.2645609803415401,,,,,,,,,-0.3959972019818101,,
chainlink,1.0856293028067543,0.12313790098889621,0.052156741878229385,0.3093992873188909,-0.26156495062116414,-0.270674310626033,0.14095214243160892,0.12380623500610932,-0.08710360890209279,0.29458839097171574,-0.15838715189461616,-0.20118753355068864,19.949776750677458,1.4646238418055346,-0.29481037621774175,0.1705240887866366,-0.1296600896646285,19.949776750677458,,,-0.5305077219049388,4.996301937206334,5.195639753533254,0.7706218264914666,19.949776750677458
algorand,0.9655364327130445,0.6917801792291596,0.1890165895246123,-0.005120304927295427,-0.3585695163470316,0.04329604050139357,-0.03480105318506632,0.1985035615888684,0.5663595726716977,0.13653037033646065,-0.019330459563335567,-0.02776039802052821,1.7327660358993577,2.953784047146738,-0.33422463385120715,0.8119559435198198,0.08362006687679213,1.7327660358993577,,,,,0.4977334807078968,4.168509747246511,1.7327660358993577
binance-peg-bitcoin-cash,,,,,,-0.20951769016140342,0.03988118341758251,0.16055796168442704,-0.23351535340868912,0.20965616686774302,-0.011438530948710834,-0.24950856709642477,433.1657167338299,,,-0.0749738397993126,-0.10254772693779068,433.1657167338299,,,,,,,433.1657167338299
bitcoin-cash,0.15001513998610472,0.1851333126984489,0.07152168080589916,0.6788163335692246,-0.2474848494976939,-0.2081634098595262,0.05335684641495031,0.14461128868227568,-0.23273831417368718,0.20365002954949674,-0.016024386874544216,-0.2497789719654976,431.2355639584978,0.46039967129034887,0.0003546615797898056,-0.0749247561511478,-0.11146651587320866,431.2355639584978,,,-0.9366599325467421,0.29614112016587923,0.7241443180762639,0.2008163274351309,431.2355639584978
tron,0.17729094570936654,0.4818877352799722,0.3983417984394082,0.84640849612913,-0.4075772129555044,-0.05664573990303179,-0.06916692060131724,0.36843261251986914,-0.0033553691225666205,0.17332914138284217,-0.04179158989450593,-0.19596252070176856,0.07792128055002882,1.43956529860273,0.03189227165304054,0.2695083327200174,-0.09602560597515741,0.07792128055002882,,,-0.5788859603856661,-0.3213718371300234,1.027135462748653,1.8889397969111545,0.07792128055002882
tron-bsc,,,,,,-0.0509681852930185,-0.07933293633010363,0.3816862331829125,-0.012891057466553835,0.17926639749763296,-0.04385838328720515,-0.19413914729137804,0.0779444366808042,,,0.2556746409799373,-0.0913550769774556,0.0779444366808042,,,,,,,0.0779444366808042
stellar,1.4532615978702221,0.3694017032146828,-0.0912966696276114,0.22673562326949548,-0.23837922610704654,-0.2524222248638779,-0.006919732344291107,0.18650757133398765,-0.1817149397290776,0.3226116616601782,-0.08167134513050667,-0.1853496847608953,0.26845462300326667,2.052789393199089,-0.30153260138932503,-0.03581695843483934,-0.010532091022720458,0.26845462300326667,0.38953369774494395,145.3974621367172,-0.6766443642918902,-0.6058989659078404,1.8954873838631299,1.0342493513710527,0.26845462300326667
decentraland,0.9892608685172828,0.6377587745052,3.2436843804951643,0.34715726257343915,-0.46346134744363887,-0.290982123632326,0.28803574751652783,0.3301683086740095,-0.3196522153321202,4.463708872984849,0.3884235219845067,-0.3271464017440261,3.2975643156440277,12.825624286594064,-0.48752050173486916,0.16564280659229902,4.104228314696431,3.2975643156440277,,,-0.5580214561812271,-0.3360473740721932,1.4598049248449785,41.155750657609865,3.2975643156440277
genesis-mana,,,,,,,,,,,0.011695031631570929,0.033731467120086345,1206.7750743305583,,,,,1206.7750743305583,,,,,,,1206.7750743305583
ftx-token,0.9971678317914303,1.4004637134197826,0.4519612969883773,0.309664765337899,-0.4007809550309587,-0.1435578092082952,0.30096927502593096,0.3252000396823196,0.07589958051890999,0.19124876502391164,-0.13029825892666402,-0.24803413415926978,38.91209511793303,5.960889629838391,-0.3278846634007684,0.8548987918839004,-0.2209399580568755,38.91209511793303,,,,,1.667660120268383,5.760825106211074,38.91209511793303
axie-infinity,0.5732624899410452,0.8942437541362616,2.921436039582872,0.6203517941721317,-0.5499925270800933,0.012452862908942874,8.395234804756138,0.6954312637799118,-0.05694698406263088,1.1290803430906662,-0.08736683315965366,-0.29241265826228546,95.16534385473017,10.686438771936832,-0.2617493246339557,14.021867743411454,0.3748912662527524,95.16534385473017,,,,,,177.1879486684289,95.16534385473017
hedera-hashgraph,1.4796369711799557,0.4861808134634005,2.2759422733206853,-0.27014541076289456,-0.23737265244301153,-0.13103930525596208,0.1325853602657714,0.1341294354104292,0.2771952355388898,0.34152936159951786,-0.15393619641989742,-0.1577003018753388,0.2993613135264384,11.072466072943639,-0.5163303341946244,0.6405552303970026,-0.04397347313252009,0.2993613135264384,,,,,1.93773670189421,8.158105513741216,0.2993613135264384
vechain,0.32120534967696823,0.5317753825734026,1.1808793088088252,1.153984979060715,-0.434879457169179,-0.17407598828340387,-0.04942941886150054,0.3746899499729548,-0.2806398777092798,0.5398124343019974,-0.06385620928541136,-0.3038279875461013,0.08489207999452159,3.413641365536326,0.00536522108295312,-0.05998347995125608,0.003522104587091013,0.08489207999452159,,,,0.30161155736768475,2.7436727647521124,3.1858467864388507,0.08489207999452159
near,0.7907922009510695,0.8726705963264758,0.5617442685851328,-0.13207660981905156,-0.4356883291684581,-0.32929744619801626,0.11700336969731562,1.307474989703536,0.2437792896004667,0.5684339663787168,-0.19514680650220728,0.8289842560403433,15.41589334159289,4.237409198365875,-0.6715037737189817,2.2057880580658944,1.3088348949163229,15.41589334159289,,,,,,11.73428530492852,15.41589334159289
cosmos,0.47076275620548746,1.4164734952209619,0.02541614749620802,0.11114096196428447,-0.43203244279181374,-0.0731280639879901,0.05223172016259814,0.7969050326726512,0.536184862738891,0.10278043432533357,-0.24600946290307657,0.07859114253545618,30.242086545043552,2.644389711426906,-0.41505851958508866,1.9045576184526047,-0.10316655233954564,30.242086545043552,,,,,0.3107453936853486,4.553017280428719,30.242086545043552
binance-peg-filecoin,,,,,,-0.11772052805158273,-0.14405561154358015,0.3883987401384106,-0.20347761898911776,0.0420445914381693,-0.07513069356128521,-0.36350194421844073,35.02450229450095,,,-0.053419086521057646,-0.38657177897587736,35.02450229450095,,,,,,,35.02450229450095
filecoin,0.015340835575186507,0.7475768685138355,2.897642484302581,-0.000923729681448715,-0.543400562825761,-0.056205782054860154,-0.2050297293894322,0.39223673752983323,-0.1987767337219548,0.047938240184072,-0.08502879735171565,-0.3638082705414445,34.8996167407994,5.9159228726233986,-0.5694621595676368,-0.11321665222056432,-0.3899981770256473,34.8996167407994,,,,,,0.6106832098522348,34.8996167407994
elrond-erd-2,1.6728446131495809,1.126321506603623,0.03941680566452499,0.2238848086607621,-0.46843355020663613,-0.08091444643110457,0.028505129911456928,0.8063190682392505,0.2839944724292487,0.2744607102420811,0.5241463333642666,-0.39432957514151756,239.43855755835534,4.907345580035421,-0.40206490251510696,1.385415752308655,0.1764933707790204,239.43855755835534,,,,,,8.912883252620775,239.43855755835534
ethereum-classic,0.32649977247390694,0.487812941623361,0.15806511350291097,1.6606759862182723,0.912871918141924,-0.1464581644595636,-0.09546056338833842,0.21987252242514166,-0.26543297213578976,0.15247234547466593,-0.08225393165245098,-0.28322774784600924,34.64427216855303,1.2855382329943987,3.3441288073729405,-0.18946199026142596,-0.24188650050629656,34.64427216855303,,17.388973296626972,-0.800607699484166,-0.1119004592753563,0.2280520807580193,5.100968748587153,34.64427216855303
san-diego-coin,20.48425346743564,1.4402703571270914,-0.7793492956342791,-0.23615187366585189,,,,,,,,,,10.568139843476574,0.08439686478960517,,,,,,,,,,
the-sandbox,1.419965737496013,1.8459818246963255,2.303950746984595,-0.31152199055953234,-0.42688948161755913,-0.30482298992233436,1.9267715799557803,0.4758468426858449,-0.3777512691802367,1.9272334991236995,2.935167559996104,-0.14880095068256616,5.927830862335233,21.754898567207114,-0.7257012341522731,1.6877826068933781,8.805093194451013,5.927830862335233,,,,,,163.4919399756368,5.927830862335233
internet-computer,,,,,,-0.5155553427051103,-0.22090821611546818,0.545915759499233,-0.31468434980928406,-0.033476972460211085,-0.02396432901207024,-0.40940732509984634,24.814969998024974,,,-0.1745987949092075,-0.44285793213318725,24.814969998024974,,,,,,,24.814969998024974
theta-token,0.24966771471229632,0.6009223124207657,3.0570846211894587,-0.156309596545802,-0.40390214129499113,0.08968646059361074,-0.15470605042171848,0.09666716354160654,-0.2650919990040074,0.6991969088853445,-0.18888881625518072,-0.2780646226773914,4.80953793260554,7.116688398174585,-0.45197265910797024,-0.3187357868780403,-0.005001506521774779,4.80953793260554,,,,0.8095589640321808,16.80160447904427,2.0152206490599824,4.80953793260554
tezos,0.4488010705760934,0.2760174064200831,0.23897265901871356,0.14837646044579578,-0.3726467489041909,-0.09484713062973449,-0.003137889425229079,0.816028837153266,0.04713862102810973,0.11838733685429981,-0.10903065813209345,-0.2253842740329456,4.348243286886605,1.2904830362435744,-0.34789374326355316,0.8956668152771821,-0.22813506657070548,4.348243286886605,,,,1.688536369079709,0.5050018753231282,1.1854897064714467,4.348243286886605
helium,0.849872925617124,0.6747856356997137,1.5592612770959766,0.6475131148764679,-0.05421111029569148,-0.18624106647475136,0.12159634947475251,0.44679174456129167,-0.17919324962508765,0.7992146634419635,0.3221131992211159,-0.07022545694409776,37.51749451528064,6.928951278031179,0.2679988444650767,0.33193652511811167,1.2117155637448245,37.51749451528064,,,,,,28.617432652656813,37.51749451528064
hymnode,-0.28015946226498445,1.9072238710040734,3.218939187484903,-0.3702104288441256,-0.35435382434517193,0.6748150424582458,-0.20568044438331812,-0.5528832475811114,-0.3270052172961435,0.22911641956245465,1.3149618670455552,-0.04506498282208837,0.025955910141215944,7.829132647063718,-0.31898465062192993,-0.7609834935407358,1.7171316482121575,0.025955910141215944,,,,,0.3661235292003182,2.904932377517835,0.025955910141215944
fantom,6.923583411915257,2.571553068831679,-0.08845813356048227,0.36698626656299593,-0.4969418830364052,-0.19812992716401112,0.0677776015758742,2.1217905168594076,0.5148156857209443,1.2160889458891155,-0.18441308620112962,-0.02239254210150976,2.107973693843005,24.79617781960755,-0.4485751706602854,4.049453266771208,0.7669405691578288,2.107973693843005,,,,0.7167640101025041,0.46309283234279497,125.91354607611063,2.107973693843005
fitmin,,,,,,,-0.25694084976796194,-0.33850861738660953,-0.2759472250164443,0.3011543371745067,0.05983076561606615,-0.20420782041972718,1.43630032795689e-10,,,-0.644108349011824,0.0974001192276055,1.43630032795689e-10,,,,,,,1.43630032795689e-10
monero,-0.12954446509208817,0.5191583422227708,0.15505334990693487,0.6716742683718693,-0.35958030466344937,-0.16556673127943866,0.11422894986266519,0.1634038737378194,-0.17090589621423302,0.12185486705584592,-0.10199405008307161,-0.04481518011173424,225.18292671888534,0.5273961022062776,-0.10667816735725966,0.07475325779467012,-0.03771591645721761,225.18292671888534,28.753238968271226,24.53270207500248,-0.8638548433490152,-0.04357893655235889,2.4665365002002098,0.4111451872025209,225.18292671888534
binance-peg-eos,,,,,,-0.30398515355723943,-0.0272885023095758,0.19953941472041636,-0.23602074557690533,0.1914991749717263,-0.09408917260748673,-0.25074959457626833,3.023380363575625,,,-0.10858458965667284,-0.19126510381434303,3.023380363575625,,,,,,,3.023380363575625
eos,0.11658949362060222,0.2738907410950826,0.1684458532473989,0.3558839320050735,0.026045443962605885,-0.3147735617695546,-0.015526107189560268,0.18900075014654694,-0.2241820631595718,0.19135279948657424,-0.10357333052734485,-0.23271916465601072,3.076280672595905,0.6620125919349309,-0.046713985747949716,-0.09187391933486899,-0.18057443513187477,3.076280672595905,,,-0.7063376815226858,-0.004992313472841792,-0.0046407396306078486,0.17899832727720377,3.076280672595905
gala,0.8326886330625283,9.892123579387995,-0.19667621490887888,-0.27869984753213406,-0.4264398407085864,-0.22064325458986256,1.5502635979797565,0.23155060233214164,2.116521977253469,0.26289990530682794,5.205491671708071,-0.2895336302274396,0.46188341163079566,15.03584582855154,-0.6775730765624537,8.788305751360069,4.56786443984717,0.46188341163079566,,,,,,280.78596041872987,0.46188341163079566
cake,,,,,,,,,,,,,8.26280208613555,,,,,8.26280208613555,,,,,,,8.26280208613555
pancakeswap-token,1.6954516481705095,5.6581418096065335,0.7564690045510107,1.2426722622856627,-0.6262349044953576,-0.12462392226737395,0.09169912252517665,0.5405020504846962,-0.20795510740815748,-0.028679884658529664,-0.18715934871834772,-0.17647058129710547,12.033249675302548,30.522821079840433,-0.2662312236182919,0.33203317029370627,-0.34980007380446576,12.033249675302548,,,,,,19.03301241460434,12.033249675302548
golden-ratio-token,0.07493834685917733,0.008502109802115854,0.22775981216256813,0.24721369656757597,-0.8723559221203042,1.9077050788660705,-0.09163170092558204,0.12996543161226048,-0.05450229542539475,,,,,0.33098689914550383,-0.537094973312126,-0.02951772930837493,,,,,,,,,
the-graph,0.6958384403655979,1.6694762869281554,0.039856993991192136,-0.15217090158991575,-0.50698211982996,-0.2154831859147226,0.03192123145531012,0.427757252137442,-0.2548834047280879,0.44743722261238594,0.0495826700062143,-0.33163372551664083,0.6449953536187095,3.70743313486407,-0.6720759689474232,0.0978048849387636,0.015385402585859076,0.6449953536187095,,,,,,0.720732963636133,0.6449953536187095
harmony,1.209752733420106,1.8463925113594128,6.367603006675097,-0.30021175279604007,-0.304853374561074,-0.2885332067319072,0.16106875930394837,0.48653907850034606,0.27201677387256407,1.1265865408560716,-0.1274887719012301,-0.14783730242720095,0.22866303295721294,45.34092350525359,-0.6539031090558707,1.1954679855210526,0.5811628610950106,0.22866303295721294,,,,,-0.11371871205310635,54.67575253541647,0.22866303295721294
menlo-one,-0.17794238956484654,0.5093546634606616,1.3674481915607082,0.3355397661935471,-0.12983764981128998,12.214976756330058,-0.9536405624801202,0.15504526912568672,-0.22388015255027915,,,-0.273670579308241,0.002537562163949427,1.9374740525131862,14.357605800733644,-0.9584409172851174,0.22296313670383539,0.002537562163949427,,,,-0.006740737177747147,1.0967508902002328,1.292856498928184,0.002537562163949427
one,-0.2481717178268773,1.505196844156182,0.2889540989276078,-0.3600080161516257,-0.18395372611353,-0.38116054904089725,0.02547644661505455,0.11002740003888722,-0.15803946597335972,0.45331457729928193,0.06606497309749138,-0.2848950767274394,0.0016864687386210077,1.4277164819107138,-0.6768030061925822,-0.04159046926097143,0.10793191305123839,0.0016864687386210077,,,,2.138991166960451,-0.3597323740178474,-0.16683795896201403,0.0016864687386210077
one-hundred-coin-2,-0.40393841891305116,-0.42343933134829304,-0.15097352936528785,0.3618145203745655,-0.43363937042269707,0.19800634216016988,0.352476280978556,-0.01412967146908406,-0.2855988523708277,-0.40146662048783066,,,,-0.7082187544287788,-0.0760039097366011,-0.047441631178386734,,,,,,,,,
loopring,1.7455935680062984,0.1039909241378747,0.007915461252070655,-0.03291643316860138,-0.3676762134948225,-0.1692345715246535,-0.1092390526607444,1.1549559709166526,-0.3354226498600458,0.5465057000541178,4.218636494632915,-0.3045232739902489,1.9946725053524856,2.0551030172174816,-0.4919786803148052,0.27568986591339506,4.612949993682935,1.9946725053524856,,,-0.9152738423262627,-0.44919122834084313,6.947274125381753,10.113326558074998,1.9946725053524856
bittorrent-2,0.28519192614408295,2.3928212960014537,2.6179171066196627,0.5215209900016653,-0.4757919824559651,-0.24232880890824338,0.026839479885577333,0.40330078659259394,-0.244448897778343,0.2663912351016524,-0.16378000721005048,-0.12707746824844013,0.002813295488009622,14.775661758455932,-0.3956863814686846,0.08872242943980857,-0.0755910399938231,0.002813295488009622,,,,,-0.006197609123544723,8.594697435744688,0.002813295488009622
flow,,1.2970716767765338,0.5858798362403983,-0.07096771188321427,-0.5557692160450303,-0.3086087419022402,1.5161996898218661,0.05635709713191317,-0.39458536758432006,-0.01776221750467033,-0.13710051275335233,-0.31186261001550697,8.810387461144245,,-0.714659549434145,0.6091953622873425,-0.41675368656805245,8.810387461144245,,,,,,,8.810387461144245
aave,2.841272747314839,0.08067093087530841,0.11540780928965466,0.16301971654843994,-0.2593045214969907,-0.2641452205075596,0.3451656013470452,0.11677382438776229,-0.26216809114519124,0.19966440363086013,-0.215019875949353,0.05849018749066248,264.02129333321915,3.6302271303441556,-0.36610272339782435,0.1084048367861612,-0.003206334509179287,264.02129333321915,,,,,,2.242835083954607,264.02129333321915
maker,1.7357126724633152,0.2673396977791611,0.04561839295835113,1.0425316661247064,-0.22468084188899717,-0.2695781501213447,0.20565297480493316,0.15377113011243027,-0.3355440274429212,0.065317005826383,0.2972080252039162,-0.22294030298312262,2399.0226629452072,2.625239764919915,0.15670621755522074,-0.07571011721560583,0.07384814434277631,2399.0226629452072,,,-0.5375240200248587,-0.05432350184596868,0.3057079224350454,3.162084329853733,2399.0226629452072
kusama,0.6209710125479302,1.2911129684396547,1.346008087467081,-0.28915064855205563,-0.1938959823312808,-0.31303149954046805,-0.08560973247677706,0.5352058434976421,0.07916984547914985,0.14803389227342034,-0.010965307877109587,-0.2348015931671521,280.6307933960774,7.712669839162388,-0.6063543278444998,0.5149141124372776,-0.13115902928345824,280.6307933960774,,,,,51.39219553126347,3.514244125900544,280.6307933960774
enjincoin,1.5685583913216599,0.7139101982675913,3.3330450203812934,0.06019302102753121,-0.41501978874795187,-0.29119338866712297,0.31897661373186637,0.4570559029379291,-0.4163157786505739,1.501226196713957,0.19843136045747833,-0.28009745484557236,2.6411969268312334,18.075270593617823,-0.5604038544694157,0.12173756338456321,1.157942372323621,2.6411969268312334,,,-0.7861888646943982,1.0605390113848094,0.5851903876805413,19.29811408491325,2.6411969268312334
arweave,1.048990175024914,1.218095647736531,1.5305680939494897,0.04368255769857465,-0.5165798498451437,-0.23747941268600625,0.04743316340725845,3.8414482962244074,-0.25689131070680526,0.2077334520052485,0.2453531943768421,-0.049767358312757914,58.11455082041943,10.501068064681059,-0.6152800141327343,2.7683736473282665,0.4292018826159809,58.11455082041943,,,,,1.9388423042161076,22.830352112465608,58.11455082041943
mirror-protocol,2.068159505682817,0.08333148399530121,0.6795405737506055,0.14982803282776058,-0.506745008074647,-0.12037188879151084,-0.28282095727254275,0.3528436509673616,-0.3051227227517871,0.16897360096440783,-0.17430295800931017,-0.11326674557574978,2.3797315075239847,4.5825137114231556,-0.5011115128560698,-0.3258084448125683,-0.1441090621878941,2.3797315075239847,,,,,,0.6070708240769218,2.3797315075239847
curve-dao-token,3.3185691190925093,-0.2074624964748557,0.6515111077888907,-0.08086178752503281,-0.4460712016636539,0.06935219036958862,-0.047338411204473685,0.2388679885556968,0.08242727498492841,1.0663434303352366,-0.006483347812944795,0.09157150885970333,5.123163301306018,4.652508140748308,-0.4555530996039605,0.2775044251951013,1.2409380256028384,5.123163301306018,,,,,,7.810265280188688,5.123163301306018
kadena,0.20404244850627618,1.2346059027302894,0.7172073192397896,0.5008146316107389,-0.4631799975314006,-0.27892834448557635,-0.17832808426476843,1.3932182842618475,0.7503637919371986,3.4091855579614787,1.7366225421597195,-0.2522172586562601,12.639194963194232,3.6202499474615895,-0.41905613592264257,2.4419858168123354,8.022953386642772,12.639194963194232,,,,,,82.35994703449894,12.639194963194232
rune,,,,,,-0.05061607261793111,4.204061573881206,0.7181967872970154,-0.365069949970235,1.1197567597432743,-0.10041628477658093,,,,,4.6772917271978125,,,,,,,,,
thorchain,2.175914115927953,0.173895067181135,0.6091578270806077,0.951253777701244,-0.22664242893353126,-0.3997562843658492,-0.04429921245204094,0.5132529661240801,-0.3151845151017548,1.1518434309803265,-0.24191092441752948,-0.35758728609066426,6.84741641950406,4.999245981726476,-0.09422209975926188,-0.009608168619827273,0.04796079198380543,6.84741641950406,,,,,18.5461024418062,4.6398879229219885,6.84741641950406
thorchain-erc20,,0.18787677415487747,0.6952894463276027,0.8115454650421798,-0.17924634059028965,-0.4074022629513854,-0.051263971493569094,0.5008506911673152,-0.3167706961424319,1.1301056007683226,-0.23358165813164855,-0.377321350071786,6.705472644555739,,-0.11890638387275365,-0.02714219391298467,0.01655527688253855,6.705472644555739,,,,,,,6.705472644555739
basic-attention-token,0.547819787371433,0.6544585793664883,1.2552404091006433,0.017980371513719673,-0.4098904934971711,-0.16437363884686007,0.04307572754836175,0.29380431813025387,-0.25035733736613486,1.090330271463142,0.30128292968267734,-0.25865251758085006,1.1977175965168572,4.775228043845701,-0.498022620350019,0.011669670732174398,1.0165475156288366,1.1977175965168572,,,-0.6914569934098362,0.3834302389912252,0.0746330102103614,4.914260844360319,1.1977175965168572
chiliz,-0.08571342407327853,1.5654769808611015,8.836028054867962,0.06402957853409696,-0.5160718528096035,-0.06769824845239247,0.04547118755510349,0.39618482168331237,-0.32576787171051,1.1440580524383641,-0.13000606170222506,,,22.071202138503207,-0.5199449040990366,-0.015842912659421948,,,,,,,2.415727329474234,,
convex-finance,,,,,,-0.21713260392979772,-0.21035071958687201,0.6709704611680021,0.3861266480752239,2.3466472747154454,-0.06207781321051675,0.5727375195397688,42.544246756329485,,,0.8289672521236309,3.9366575122507674,42.544246756329485,,,,,,,42.544246756329485
yearn-finance,0.4142320239306656,0.0251118095763474,0.11808217921240605,0.3191889682956117,-0.1046914012080633,-0.19896409342856125,-0.06709938249524516,0.15771565925582087,-0.2098450885445876,0.17868641812468122,-0.10659548068544222,0.0016636118243928966,30241.905012284868,0.6209351101997416,-0.053911528798590624,-0.14660610421725828,0.05479562887932432,30241.905012284868,,,,,,0.3804326833252887,30241.905012284868
compound-coin,25.459933650245357,1.671088451162536,-0.9838728541447443,-0.20645956080294148,-0.4569677036037382,0.1912562658089747,-0.5771798523036544,0.044711899718125725,-0.38496474997441477,-0.33022670871467774,0.03620215938744398,-0.18607324454640295,9.223859090649601e-08,0.13981543619862125,-0.4866661288340901,-0.7283234067345448,-0.43511812120484006,9.223859090649601e-08,,,,-0.9726741837536966,7.477330049279454,-0.9102066197075364,9.223859090649601e-08
compound-governance-token,1.136790644120346,0.19360579176122417,-0.00032593453399087924,0.6010174377544668,-0.37150796770733885,-0.23278691442078447,0.30289249872016355,0.03925837536273913,-0.28604653455206197,0.06319976623486845,-0.0923756092105803,-0.3105279160393356,199.67559412577162,1.5496543972388763,-0.22800970625317296,-0.03327706350977755,-0.334669063928013,199.67559412577162,,,,,,0.2659976411586229,199.67559412577162
1inch,3.193017768149738,-0.08156723328064697,0.06961325843159871,0.2143332823798927,-0.4726929138327528,-0.11878335936660311,-0.08978861444034802,0.3060597131002558,-0.17077499676965358,0.8755080273510398,-0.19956487470112394,-0.34328089418180385,2.4676053419437203,3.1190859097058317,-0.4357335933114608,-0.01422525923589657,-0.014118500279892032,2.4676053419437203,,,,,,1.258850290630857,2.4676053419437203
theta-fuel,-0.0011422918198541465,2.3660967176975123,3.270255606370056,-0.14681171767799173,-0.1312606487664537,0.45082553793118585,-0.2449599443933863,-0.021993247819287798,-0.21609481739263747,0.5175774443886518,-0.2106186778250334,-0.3498980804372305,0.19880765758743119,13.357673971045475,0.07534932781091208,-0.42113754673302517,-0.2212121675256542,0.19880765758743119,,,,,10.694629945628963,5.960303765584822,0.19880765758743119
omisego,0.4088262916540961,0.3053554611836913,0.4627907417210462,0.09555435829892156,-0.161185553137692,-0.30486746097532824,0.003978465727538794,0.4653010545262042,0.6588671634995082,0.3058838703953244,-0.34580450886079683,-0.31273252254217276,6.063924107929438,1.690100104068474,-0.36119625900401553,1.4404104189974802,-0.41286509855912257,6.063924107929438,,,-0.930054338094714,-0.5573246508729888,2.987792747648635,1.4622755904486295,6.063924107929438
ethereum-name-service,,,,,,,,,,,,0.013900229358147609,72.35857520582923,,,,,72.35857520582923,,,,,,,72.35857520582923
immutable-x,,,,,,,,,,,,0.028344370824341825,8.02097400275859,,,,,8.02097400275859,,,,,,,8.02097400275859
impermax,,,,,-0.5783974286586384,-0.40124822227458135,0.15310426431973823,-0.056849091814111685,-0.18942915466894172,6.612756152558633,-0.5413997626555811,-0.5302677928982862,0.18347346584912907,,,-0.1184625957564206,0.6399346141313591,0.18347346584912907,,,,,,,0.18347346584912907
audius,0.42891772051241106,0.9033279346147121,7.465116108195547,-0.35958101030509193,-0.5460227669038331,-0.204050614754808,0.41564892889677574,1.2443876667960532,-0.2240408834381714,0.17587130632807102,0.04091237491725552,-0.3106745057023005,1.6591558345720403,22.02256793046143,-0.7685891453058875,1.4654277397894377,-0.1562800749047587,1.6591558345720403,,,,,,10.082253317374956,1.6591558345720403
bancor,0.4495966337198891,1.6157724774001343,0.47031613835729047,-0.09198076666877864,-0.35724680259302366,-0.23608166196946978,0.05699356051494231,0.20674564083956537,-0.20853657305629547,0.2798686460399442,-0.042782643383408314,-0.19733022606139028,3.270306976154239,4.575166755548299,-0.5541526096948145,0.009529307327869052,-0.01663924088016422,3.270306976154239,,,-0.8855728132772108,-0.5768288972273954,3.9181919794622875,1.467606445223399,3.270306976154239
illuvium,,,,0.33254752074634153,-0.0885072680080431,0.043498450997998095,2.708001201111248,1.245346735697043,-0.042074333233303784,1.1882850038385429,0.693556131631033,-0.4240493900581961,1007.0644299699165,,0.2674409198033756,6.975448080577353,1.1344634491999859,1007.0644299699165,,,,,,,1007.0644299699165
perpetual-protocol,4.772531684537593,-0.1867851023681376,0.6258727341074515,-0.12918864441359612,0.06300567402075674,-0.24023781482742745,1.494313427270621,0.48527445033993444,-0.30330067938086636,0.12181126926400276,-0.23736057110447262,-0.3013287452376876,9.048317755792478,6.632348623109927,-0.2967053067015448,1.5810898443205548,-0.4022605373823426,9.048317755792478,,,,,,7.281530215130605,9.048317755792478
sushi,2.9409743041147736,0.6028468418111972,-0.06378926705234311,-0.08486780385980963,-0.23244367952934164,-0.26739039389343144,0.059860909568658416,0.36513228796682284,-0.17118534500927884,0.15647031174119586,-0.3201766845016816,0.3702670570476154,10.24682422107986,4.913835564414206,-0.4854036563327585,0.1991707723373739,0.0772977688406502,10.24682422107986,,,,,,2.9314498127741047,10.24682422107986
0x,0.8027710395043801,1.076111683165451,0.373658404078939,-0.10035911504724893,-0.4382935460486078,-0.22722477306426458,0.07468385119142518,0.34328577639051394,-0.20267527660448814,0.3809066492292419,0.045469831902306135,-0.3391650929574265,0.795614835610811,4.141265510109639,-0.6094903329045265,0.15102397568274073,-0.04595512782781608,0.795614835610811,,,-0.6741486582928571,-0.4043042268192759,0.9106813303829364,1.2047278782134012,0.795614835610811
anchor-protocol,,,,0.11035119745227595,-0.48440407276038866,-0.12146190243958621,-0.2636944983372541,0.7947787746360848,-0.1306943162466736,0.08955826193267202,0.19647401248959895,-0.02392330404229792,3.5289022759784356,,-0.49704347967653273,0.14879223011888132,0.27244105301298505,3.5289022759784356,,,,,,,3.5289022759784356
havven,1.408775659989025,0.0768045167908269,-0.07838871584662221,0.008373847799993284,-0.33591145461932415,-0.3864084471187412,0.3306503563480556,0.15966587772928853,-0.16540105921061954,0.06204413089706873,-0.20048803142018856,-0.2994559587622788,5.526243435433416,1.3904573871971175,-0.5891087100414965,0.28787781582302774,-0.40515614967121116,5.526243435433416,,,,28.936462885096912,4.999630082607498,-0.24753625458524176,5.526243435433416
raydium,,,0.4124659170137348,0.413995950347112,-0.6498650845551561,-0.23469705477769198,-0.05340757911802463,2.4455083239343356,-0.20136096066931664,0.1846843445769495,-0.016205517052166885,-0.3880609143693585,6.534597610912821,,-0.621106660372725,1.6047548899931368,-0.28679361043551155,6.534597610912821,,,,,,,6.534597610912821
dydx,,,,,,,,,,-0.41717677126708397,-0.1951412602848952,-0.333313747823225,8.381058503858261,,,,-0.6872638997227206,8.381058503858261,,,,,,,8.381058503858261
serum,0.979430938214884,1.6090160501293567,0.007980161877074288,0.7056153607119084,-0.5338805582924533,-0.24268890010898048,0.19611697460158295,1.1139735645709465,-0.15046242878185268,0.03994148217177562,-0.23324915759822695,-0.3734207246145207,3.490463868042325,4.205579573279522,-0.39792216608034814,1.1481064360105062,-0.5003807190085292,3.490463868042325,,,,,,2.3636958116112585,3.490463868042325
moonriver,,,,,,,,,0.8638579679572891,0.24305372465751418,-0.13725496650362046,-0.41563783189401826,187.3689129264328,,,,-0.37330755545260763,187.3689129264328,,,,,,,187.3689129264328
yield-guild-games,,,,,,,,2.349306006252543,-0.34909769872429863,0.37933649826108984,-0.024041198128089025,-0.28308023941032356,5.368791859561648,,,,-0.03490011384551084,5.368791859561648,,,,,,,5.368791859561648
chromaway,0.5711657653046083,0.7157565846888532,6.946554270790617,-0.1607386853178937,-0.5015007132776412,-0.2201481087218614,1.2350065394713634,0.3358173431241116,-0.39154274775625,0.7854057661741509,1.1307866360797543,-0.24315175136525236,0.7640852022490213,20.421828376106568,-0.6737324543594647,0.8165859366686616,1.879291980569874,0.7640852022490213,,,,,0.35508076873068317,35.55712779233974,0.7640852022490213
alpha-finance,10.87401098105214,-0.42798207513560227,0.47961995787365086,-0.12344840112410893,-0.5323020662988056,-0.37191315259672475,0.3450413714654559,0.7230687950700121,-0.24134444240938147,0.21535822978178443,-0.054367905898724755,-0.2848482148536764,0.6828296730568628,9.049796437339387,-0.7425086545692474,0.7582592214550734,-0.17808910634481234,0.6828296730568628,,,,,,2.7396205874597,0.6828296730568628
polyalpha-finance,,,,,,,,,,-0.8224362417575408,-0.5522200109137074,-0.7915342823165014,0.6914648056356401,,,,-0.9834249954934927,0.6914648056356401,,,,,,,0.6914648056356401
band-protocol,0.74912730069453,0.3331552136108442,0.12282284768307106,0.17053029832831101,-0.5532145773667968,-0.18603358313286478,0.04750683267266376,0.38971671483143444,-0.20588605752501066,0.24250915539508244,-0.08732017568239547,-0.3504021649337594,5.124446866129115,1.6182636422739725,-0.5743152016967858,0.15602164724933298,-0.2633475857998231,5.124446866129115,,,,,22.34585936064047,-0.05086038678166849,5.124446866129115
augur,0.1050282218309635,0.46141813678695365,0.5235816629920564,-0.1257269466085349,-0.36212638855692025,-0.34479819483815255,0.741313404181128,0.04209155141219445,-0.31836318591809876,0.28209006746274556,-0.07302928624541793,-0.2139986509024312,17.46789133866963,1.4604446505088267,-0.6346098681431049,0.23690360696943324,-0.06586887993376689,17.46789133866963,0.7339449541284395,17.656190476190474,-0.8854670804053197,0.12011590078073997,0.858738567283142,0.03875735155242799,17.46789133866963
smooth-love-potion,0.2884841621926739,0.8277592528761213,0.6688097885990747,0.26076331613271053,0.6369184476474972,-0.03244405871621692,0.8161728294572463,-0.48048900688643104,-0.49504364996085404,0.31526678578786105,-0.2925109475214539,-0.5313841238551529,0.027642906660476856,2.9301118847969807,0.9968097613206055,-0.523562700787372,-0.5639356577992268,0.027642906660476856,,,,,,0.6304141449745235,0.027642906660476856
constitutiondao,,,,,,,,,,,,-0.03632996632899155,0.07723255695808251,,,,,0.07723255695808251,,,,,,,0.07723255695808251
